,naics_sub,Resistance
0,311,27337800.121185567
1,312,1288590.6542268023
2,324,30348174.687220532
3,325,24229130.631759036
4,327,30020688.56100235
5,331,27634944.759931467
