,naics_sub,FPC for SWH
0,311,38920936.53051645
1,312,4475473.125379626
2,313,41938.478408323695
3,325,101623958.85646436
4,333,1528705.810210259
5,336,1680656.0641831758
